{
  "충북 청주시 서원구 흥덕로 28": [
    127.4741662,
    36.6380588
  ],
  "충북 청주시 서원구 호국로 93": [
    127.4763875,
    36.6363089
  ],
  "충북 청주시 서원구 사직대로 264": [
    127.4767773,
    36.6354477
  ],
  "충북 청주시 서원구 사직대로 302": [
    127.4811793,
    36.6359109
  ],
  "충북 청주시 서원구 사직대로 282": [
    127.4787002,
    36.6357071
  ],
  "충북 청주시 서원구 사직대로 270": [
    127.4773506,
    36.6355172
  ],
  "충북 청주시 서원구 사운로111번길 4": [
    127.4787963,
    36.63902
  ],
  "충북 청주시 서원구 대원로 28": [
    127.47937,
    36.6399857
  ],
  "충북 청주시 상당구 성안로74번길 94-12": [
    127.4838044,
    36.6300923
  ],
  "충북 청주시 상당구 무심동로302번길 6": [
    127.4854972,
    36.6291425
  ],
  "충북 청주시 상당구 무심동로 364-1": [
    127.4835763,
    36.6331462
  ],
  "충북 청주시 상당구 남사로93번길 13": [
    127.4855918,
    36.6325584
  ],
  "충북 청주시 상당구 남사로89번길 4": [
    127.4852364,
    36.6324947
  ],
  "충북 청주시 상당구 무심동로 398-3": [
    127.4848864,
    36.6361405
  ],
  "충북 청주시 서원구 사직대로 308-2": [
    127.481659,
    36.6359467
  ],
  "충북 청주시 서원구 무심서로 509": [
    127.4826794,
    36.636574
  ],
  "충북 청주시 상당구 무심동로392번길 7-1": [
    127.4852647,
    36.6357192
  ],
  "충북 청주시 서원구 사북로 96": [
    127.4816736,
    36.6440348
  ],
  "충북 청주시 상당구 중앙로61번길 45": [
    127.4858389,
    36.6423383
  ],
  "충북 청주시 상당구 성안로 68": [
    127.4892396,
    36.6308478
  ],
  "충북 청주시 상당구 상당로69번길 3": [
    127.4903284,
    36.6342503
  ],
  "충북 청주시 상당구 무심동로336번길 94-5": [
    127.4882831,
    36.6311037
  ],
  "충북 청주시 상당구 남사로 129": [
    127.4895363,
    36.6322822
  ],
  "충북 청주시 상당구 상당로59번길 13": [
    127.4898642,
    36.6334827
  ],
  "충북 청주시 상당구 사직대로362번길 72": [
    127.4874699,
    36.6335286
  ],
  "충북 청주시 상당구 성안로 26-1": [
    127.4889982,
    36.6345479
  ],
  "충북 청주시 상당구 사직대로350번길 60": [
    127.4861597,
    36.6339413
  ],
  "충북 청주시 상당구 상당로59번길 72-1": [
    127.4866041,
    36.633629
  ],
  "충북 청주시 상당구 상당로55번길 40-1": [
    127.4884167,
    36.6331234
  ],
  "충북 청주시 상당구 남사로 104-11": [
    127.4872555,
    36.631479
  ],
  "충북 청주시 상당구 상당로59번길 29": [
    127.4889577,
    36.6335606
  ],
  "충북 청주시 상당구 남사로102번길 8": [
    127.4863851,
    36.6314936
  ],
  "충북 청주시 상당구 무심동로336번길 100-5": [
    127.4886499,
    36.6312005
  ],
  "충북 청주시 상당구 무심동로336번길 108-1": [
    127.4890857,
    36.6313879
  ],
  "충북 청주시 상당구 남사로 136": [
    127.4901393,
    36.6319552
  ],
  "충북 청주시 상당구 상당로59번길 45-3": [
    127.4881726,
    36.6330989
  ],
  "충북 청주시 상당구 남사로93번길 28": [
    127.4861974,
    36.6329771
  ],
  "충북 청주시 상당구 상당로69번길 15": [
    127.4896664,
    36.6342566
  ],
  "충북 청주시 상당구 무심동로336번길 105": [
    127.4888649,
    36.6316438
  ],
  "충북 청주시 상당구 사직대로350번길 57": [
    127.4864772,
    36.6339709
  ],
  "충북 청주시 상당구 성안로 19-2": [
    127.4895026,
    36.6349595
  ],
  "충북 청주시 상당구 상당로81번길 36": [
    127.4881999,
    36.635718
  ],
  "충북 청주시 상당구 사직대로361번길 30": [
    127.4876588,
    36.6382622
  ],
  "충북 청주시 상당구 무심동로392번길 20": [
    127.4860107,
    36.6353489
  ],
  "충북 청주시 상당구 상당로81번길 44-10": [
    127.4884795,
    36.6358381
  ],
  "충북 청주시 상당구 사직대로 353-1": [
    127.4868192,
    36.6369242
  ],
  "충북 청주시 상당구 성안로 9": [
    127.489171,
    36.6361037
  ],
  "충북 청주시 상당구 상당로69번길 30": [
    127.4888565,
    36.6347655
  ],
  "충북 청주시 상당구 사직대로361번길 8-14": [
    127.4882595,
    36.6371907
  ],
  "충북 청주시 상당구 상당로91번길 16-1": [
    127.4893118,
    36.6365261
  ],
  "충북 청주시 상당구 성안로 10": [
    127.4888382,
    36.636042
  ],
  "충북 청주시 상당구 성안로 19-1": [
    127.4892306,
    36.63513
  ],
  "충북 청주시 상당구 성안로 8": [
    127.4888749,
    36.6362057
  ],
  "충북 청주시 상당구 상당로81번길 9-2": [
    127.4897054,
    36.6354726
  ],
  "충북 청주시 상당구 상당로91번길 39-7": [
    127.4881164,
    36.6359617
  ],
  "충북 청주시 상당구 사직대로 370": [
    127.4885254,
    36.6367111
  ],
  "충북 청주시 상당구 상당로81번길 64": [
    127.4868556,
    36.6357023
  ],
  "충북 청주시 상당구 사직대로361번길 7-3": [
    127.4872491,
    36.6371145
  ],
  "충북 청주시 상당구 사직대로361번길 22-7": [
    127.4878802,
    36.6379872
  ],
  "충북 청주시 상당구 성안로 13": [
    127.4894962,
    36.6358762
  ],
  "충북 청주시 상당구 중앙로 5-5": [
    127.4885706,
    36.6374542
  ],
  "충북 청주시 상당구 교서로 8-16": [
    127.4873026,
    36.6374095
  ],
  "충북 청주시 상당구 사직대로361번길 8-13": [
    127.4881713,
    36.6373121
  ],
  "충북 청주시 상당구 사직대로361번길 23": [
    127.4872768,
    36.6379347
  ],
  "충북 청주시 상당구 상당로81번길 58": [
    127.4870515,
    36.6356494
  ],
  "충북 청주시 상당구 사직대로361번길 14-8": [
    127.4879822,
    36.6374473
  ],
  "충북 청주시 상당구 사직대로362번길 23": [
    127.4877161,
    36.6356525
  ],
  "충북 청주시 상당구 교서로 8-10": [
    127.4870807,
    36.6373959
  ],
  "충북 청주시 상당구 상당로81번길 70": [
    127.4865353,
    36.6355845
  ],
  "충북 청주시 상당구 중앙로 5-8": [
    127.4884139,
    36.6377055
  ],
  "충북 청주시 상당구 성안로 10-1": [
    127.4888363,
    36.6359414
  ],
  "충북 청주시 상당구 상당로 75": [
    127.4903878,
    36.6348757
  ],
  "충북 청주시 상당구 사직대로361번길 14-9": [
    127.4880467,
    36.6376833
  ],
  "충북 청주시 상당구 사직대로361번길 7-2": [
    127.4874062,
    36.6372942
  ],
  "충북 청주시 상당구 교서로 8-2": [
    127.4866682,
    36.6373654
  ],
  "충북 청주시 상당구 상당로 112": [
    127.49046,
    36.6381748
  ],
  "충북 청주시 상당구 사직대로362번길 5": [
    127.4876951,
    36.6365085
  ],
  "충북 청주시 상당구 사직대로361번길 67": [
    127.4871053,
    36.6399641
  ],
  "충북 청주시 상당구 상당로115번길 46": [
    127.4875405,
    36.6386434
  ],
  "충북 청주시 상당구 상당로115번길 50": [
    127.487263,
    36.6385439
  ],
  "충북 청주시 상당구 상당로131번길 8-2": [
    127.489524,
    36.6401427
  ],
  "충북 청주시 상당구 상당로131번길 8-8": [
    127.4895009,
    36.6403526
  ],
  "충북 청주시 상당구 상당로 117-2": [
    127.4898613,
    36.6389054
  ],
  "충북 청주시 상당구 교동로3번길 65": [
    127.4904203,
    36.6402235
  ],
  "충북 청주시 상당구 상당로115번길 37": [
    127.4879798,
    36.6384117
  ],
  "충북 청주시 상당구 상당로121번길 44": [
    127.4874821,
    36.6391379
  ],
  "충북 청주시 상당구 중앙로 32-1": [
    127.488845,
    36.6399585
  ],
  "충북 청주시 상당구 상당로115번길 61": [
    127.4865855,
    36.6383284
  ],
  "충북 청주시 상당구 중앙로 47": [
    127.4883122,
    36.6412975
  ],
  "충북 청주시 상당구 상당로143번길 31-16": [
    127.4879395,
    36.6401905
  ],
  "충북 청주시 상당구 상당로131번길 7-2": [
    127.4893215,
    36.6399872
  ],
  "충북 청주시 상당구 상당로115번길 26": [
    127.4886332,
    36.6386322
  ],
  "충북 청주시 상당구 상당로115번길 41": [
    127.4876998,
    36.6383833
  ],
  "충북 청주시 상당구 상당로121번길 34": [
    127.4879177,
    36.6392002
  ],
  "충북 청주시 상당구 상당로131번길 15-1": [
    127.4891608,
    36.6399597
  ],
  "충북 청주시 상당구 중앙로 30": [
    127.488899,
    36.6396982
  ],
  "충북 청주시 상당구 상당로121번길 7-1": [
    127.4896737,
    36.639072
  ],
  "충북 청주시 상당구 사직대로361번길 41-1": [
    127.4872722,
    36.6386671
  ],
  "충북 청주시 상당구 상당로 144": [
    127.4901286,
    36.6412226
  ],
  "충북 청주시 상당구 우암산로 2": [
    127.4903351,
    36.639093
  ],
  "충북 청주시 상당구 중앙로 37-1": [
    127.488501,
    36.64048
  ],
  "충북 청주시 상당구 상당로143번길 28": [
    127.488243,
    36.6411143
  ],
  "충북 청주시 상당구 상당로115번길 6": [
    127.4896715,
    36.6387194
  ],
  "충북 청주시 상당구 사직대로361번길 70": [
    127.487387,
    36.6400924
  ],
  "충북 청주시 상당구 상당로115번길 23": [
    127.4886707,
    36.6384673
  ],
  "충북 청주시 상당구 중앙로 80": [
    127.4889239,
    36.644356
  ],
  "충북 청주시 상당구 중앙로 53": [
    127.4883163,
    36.641948
  ],
  "충북 청주시 상당구 교동로3번길 111": [
    127.4903658,
    36.6423572
  ],
  "충북 청주시 상당구 중앙로61번길 16": [
    127.4873346,
    36.6431709
  ],
  "충북 청주시 상당구 상당로26번길 15-7": [
    127.4916834,
    36.6309284
  ],
  "충북 청주시 상당구 상당로 66": [
    127.4910735,
    36.6342822
  ],
  "충북 청주시 상당구 대성로 101": [
    127.4923931,
    36.6343157
  ],
  "충북 청주시 상당구 상당로 82": [
    127.4913603,
    36.6360995
  ],
  "충북 청주시 상당구 상당로 49": [
    127.4905828,
    36.6328262
  ],
  "충북 청주시 상당구 대성로 86": [
    127.493042,
    36.6330026
  ],
  "충북 청주시 상당구 상당로 53": [
    127.4905048,
    36.6330575
  ],
  "충북 청주시 상당구 용담로 19": [
    127.4930218,
    36.6324826
  ],
  "충북 청주시 상당구 남사로 137": [
    127.490561,
    36.6323045
  ],
  "충북 청주시 상당구 용담로 7": [
    127.4918642,
    36.6329307
  ],
  "충북 청주시 상당구 대성로 94": [
    127.4928374,
    36.6337466
  ],
  "충북 청주시 상당구 탑동로1번길 104": [
    127.4936054,
    36.6322534
  ],
  "충북 청주시 상당구 상당로 40-14": [
    127.4915926,
    36.6319339
  ],